vehicleid,vehiclebrand,vehiclemodel
504,TOYOTA,VIOS
507,TOYOTA,VIOS
586,MAZDA,3_Hatchback
681,MG,ZS
708,MAZDA,2_Sedan
908,TOYOTA,VIOS
944,ISUZU,D-Max_4_DOOR
988,TOYOTA,ATIV
994,MITSUBISHI,ATTRAGE
1027,MG,3
1098,TOYOTA,YARIS
1099,MITSUBISHI,MIRAGE
1100,NISSAN,MARCH
1101,NISSAN,MARCH
1102,NISSAN,MARCH
1104,SUZUKI,SWIFT
10993,MG,3
11223,HONDA,CITY_Sedan
11225,TOYOTA,YARIS
11227,MAZDA,2_Sedan
11229,TOYOTA,VIOS
11231,TOYOTA,VIOS
13556,HONDA,CITY_Hatchback
13560,TOYOTA,CROSS_HYBRID
13598,HONDA,CIVIC_Sedan
13605,HONDA,BR-V
13715,MINI,COOPER_SE_EV
13716,MINI,COOPER_SE_EV
13717,MINI,COOPER_SE_EV
13733,NISSAN,LEAF
13735,NISSAN,LEAF
13749,HONDA,CIVIC_Sedan
13751,MG,3
13816,HONDA,CITY_Sedan
13859,HONDA,CITY_Sedan
13873,MAZDA,2_Sedan
13938,MAZDA,2_Sedan
13951,NISSAN,ALMERA
13954,NISSAN,NOTE
13995,BMW,IX3
13996,BMW,IX3
13999,HYUNDAI,H-1
14015,MG,ZS_EV
14032,TOYOTA,YARIS
14033,TOYOTA,FORTUNER
14043,NISSAN,ALMERA
14044,MAZDA,2_Sedan
14047,MG,HS
14050,LEXUS,UX_300e
14070,LEXUS,UX_300e
14095,TOYOTA,ATIV
14146,MAZDA,2_Sedan
14164,HONDA,CIVIC_Sedan
14186,TOYOTA,PRIUS_HYBRID
14187,TOYOTA,PRIUS_HYBRID
14189,TOYOTA,PRIUS_HYBRID
14197,TOYOTA,ALPHARD_HYBRID
14199,HONDA,ACCORD
14205,HYUNDAI,H-1
14233,HONDA,CIVIC_Sedan
14249,TOYOTA,SIENTA
14252,TOYOTA,ATIV
14263,TOYOTA,ALTIS
14264,MG,5
14272,BMW,520D
14277,TOYOTA,ATIV
14278,TOYOTA,ATIV
14280,TOYOTA,ATIV
14288,MERCEDES_BENZ,C350e_PHEV
14298,TOYOTA,YARIS
14299,NISSAN,KICKS_e-POWER_HYBRID
14302,HONDA,BR-V
14303,HONDA,CIVIC_Sedan
14307,TOYOTA,CAMRY_HYBRID
14340,MG,5
14355,TOYOTA,YARIS
14356,MAZDA,2_Sedan
14363,HONDA,HR-V
14387,TOYOTA,CAMRY_HYBRID
14399,NISSAN,SYLPHY
14405,TOYOTA,YARIS
14407,HONDA,MOBILIO
14412,BMW,330E_PHEV
14414,TOYOTA,VIOS
14415,HONDA,CITY_Sedan
14416,HONDA,CIVIC_Sedan
14417,TOYOTA,ATIV
14418,TOYOTA,VIOS
14422,TOYOTA,ALPHARD
14434,MG,EP
14435,MG,EP
14436,MG,EP
14437,MG,EP
14441,MG,EP
14445,MAZDA,2_Sedan
14447,TOYOTA,FORTUNER
14453,TOYOTA,VELOZ
14466,HONDA,CITY_Hatchback
14469,ORA,GOODCAT
14479,SUZUKI,SWIFT
14481,MITSUBISHI,ATTRAGE
14498,TOYOTA,YARIS
14525,MITSUBISHI,XPANDER
14529,MG,ZS_EV
14530,MG,ZS_EV
14531,MG,ZS_EV
14532,MG,ZS_EV
14533,MG,EP
14534,MG,EP
14535,MG,EP
14536,MG,EP
14537,MG,EP
14538,MG,EP
14539,MG,EP
14540,MG,EP
14541,MG,EP
14542,MG,EP
14547,TOYOTA,ATIV
14552,HONDA,HR-V
14574,SUZUKI,SWIFT
14575,MITSUBISHI,ATTRAGE
14580,MG,EP
14581,NETA,V
14586,NISSAN,JUKE
14597,FORD,EVEREST
14605,MG,4
14609,MAZDA,2_Sedan
14613,MG,5
14638,TOYOTA,VIOS
14671,VOLT,CITY
14672,VOLT,CITY
14673,VOLT,CITY
14674,VOLT,CITY
14675,VOLT,CITY
14677,MG,VS_HYBRID
14694,SUZUKI,CIAZ
14695,TOYOTA,ATIV
14702,BMW,220I
14704,HYUNDAI,H-1
14706,HONDA,CITY_Sedan
14710,TOYOTA,YARIS
14715,MAZDA,3_Hatchback
14719,BMW,520I
14720,MG,EP
14722,HONDA,CITY_Sedan
14725,HYUNDAI,H-1
14726,BYD,ATTO_3
14729,BYD,ATTO_3
14732,BYD,ATTO_3
14733,BYD,ATTO_3
14734,NISSAN,NAVARA_2_DOOR
14735,NISSAN,NOTE
14737,TOYOTA,CAMRY
14739,TOYOTA,FORTUNER
14741,BMW,320D
14755,TOYOTA,INNOVA
14756,TOYOTA,INNOVA
14757,TOYOTA,INNOVA
14758,TOYOTA,COMMUTER
14773,HONDA,CITY_Hatchback
14778,TOYOTA,ATIV
14779,MERCEDES_BENZ,E300e_PHEV
14783,MITSUBISHI,PAJERO_SPORT
14786,MAZDA,CX-30
14787,HONDA,CITY_Sedan
14798,HONDA,CITY_Hatchback
14799,TOYOTA,ALTIS_HYBRID
14802,NISSAN,NOTE
14807,TOYOTA,CAMRY
14808,TOYOTA,VIOS
14809,TOYOTA,VELOZ
14810,TOYOTA,ATIV
14811,HONDA,CITY_Sedan
14812,HONDA,CITY_Sedan
14814,TOYOTA,ATIV
14815,TOYOTA,ATIV
14818,HONDA,CITY_Sedan
14823,ISUZU,MU-X
14828,TOYOTA,ATIV
14829,TOYOTA,VIOS
14830,TOYOTA,VIOS
14840,MAZDA,2_Sedan
14857,ORA,GOODCAT
14860,TOYOTA,ATIV
14864,MG,5
14872,BYD,ATTO_3
14873,BYD,ATTO_3
14874,BYD,ATTO_3
14875,BYD,ATTO_3
14876,BYD,ATTO_3
14887,BYD,ATTO_3
14888,BYD,ATTO_3
14889,BYD,ATTO_3
14890,BYD,ATTO_3
14893,MINI,COOPER_S
14900,MG,5
14902,MITSUBISHI,ATTRAGE
14907,BYD,ATTO_3
14910,TOYOTA,ATIV
14923,HONDA,CITY_Sedan
14924,HONDA,CITY_Sedan
14927,TOYOTA,ATIV
14928,TOYOTA,ATIV
14929,FORD,RANGER_4_DOOR
14933,NISSAN,JUKE
14951,TOYOTA,CAMRY_HYBRID
14952,HONDA,CITY_Sedan
14959,MITSUBISHI,XPANDER
14960,TOYOTA,ATIV
14974,NETA,V
14978,TOYOTA,FORTUNER
14991,VOLVO,XC40
14995,AUDI,A5
14997,MG,HS_PHEV
14999,KIA,GRAND_CARNIVAL
15027,MAZDA,2_Hatchback
15029,HONDA,CIVIC_Sedan
15032,ORA,GOODCAT
15034,MAZDA,2_Sedan
15064,TOYOTA,COMMUTER
15066,NETA,V
15067,MG,ZS_EV
15073,TOYOTA,ALPHARD
15075,MAZDA,CX-30
15076,TOYOTA,ALTIS
15079,TOYOTA,COMMUTER
15080,TOYOTA,COMMUTER
15081,TOYOTA,COMMUTER
15083,TOYOTA,ALPHARD
15085,MG,4
15091,SUZUKI,SWIFT
15095,MERCEDES_BENZ,C250
15096,MITSUBISHI,XPANDER
15097,TOYOTA,VELOZ
15098,MG,EP
15108,VINFAST,LUX A2.0
15110,MAZDA,3_Hatchback
15112,TOYOTA,CAMRY
15113,KIA,Rio
15129,TOYOTA,VIOS
15130,TOYOTA,VIOS
15131,MITSUBISHI,XPANDER
15133,TOYOTA,VIOS
15134,MAZDA,2_Sedan
15139,HONDA,CIVIC_Sedan
15141,NISSAN,ALMERA
15143,TOYOTA,ALPHARD
15144,TOYOTA,ALPHARD_HYBRID
15145,TOYOTA,ALPHARD
15147,TOYOTA,YARIS
15156,TOYOTA,COMMUTER
15167,ORA,GOODCAT
15169,HYUNDAI,H-1
15171,TOYOTA,COMMUTER-VIP
15174,TOYOTA,COMMUTER
15176,TOYOTA,ATIV
15181,MG,4
15183,MG,EP
15184,MG,ZS
15188,TOYOTA,CROSS_HYBRID
15189,TOYOTA,COMMUTER
15191,TOYOTA,COMMUTER
15193,HYUNDAI,H-1-VIP
15196,HONDA,CITY_Sedan
15204,ORA,GOODCAT
15205,HONDA,ACCORD
15211,TOYOTA,COMMUTER
15212,TOYOTA,CAMRY
15213,NETA,V
15214,BMW,320D
15215,HONDA,CITY_Hatchback
15219,BMW,X7
15229,TOYOTA,HIACE
15234,NISSAN,MARCH
15235,HYUNDAI,STARIA
15236,TOYOTA,COMMUTER
15238,SUZUKI,CIAZ
15239,TOYOTA,HIACE
15241,TOYOTA,ALPHARD
15243,FORD,EVEREST
15244,TOYOTA,YARIS
15247,TOYOTA,YARIS
15248,TOYOTA,CROSS
15250,MG,5
15257,MG,5
15258,TOYOTA,COMMUTER
15260,TOYOTA,COMMUTER
15262,MAZDA,2_Sedan
15274,TOYOTA,ALTIS
15278,BMW,320D
15279,MG,ZS
15282,SUZUKI,CIAZ
15302,TOYOTA,YARIS
15309,MAZDA,2_Sedan
15311,HYUNDAI,H-1
15312,TOYOTA,PRIUS_HYBRID
15316,HONDA,CITY_Sedan
15317,SUZUKI,XL7
15318,MG,5
15319,ISUZU,D-Max_2_DOOR
15340,TOYOTA,ATIV
15341,TOYOTA,ATIV
15343,MG,4
15344,BMW,X1
15351,TOYOTA,VELOZ
15353,TOYOTA,VENTURY
15355,BYD,ATTO_3
15362,MITSUBISHI,XPANDER
15363,MITSUBISHI,XPANDER
15364,MITSUBISHI,XPANDER
15366,TOYOTA,ATIV
15379,TOYOTA,ALTIS
15382,HONDA,MOBILIO
15385,MAZDA,2_Sedan
15388,TOYOTA,COMMUTER
15390,HONDA,CITY_Sedan
15399,TOYOTA,CAMRY_HYBRID
15402,BMW,X1
15404,TOYOTA,ATIV
15405,TOYOTA,COMMUTER
15408,TOYOTA,ATIV
15414,MITSUBISHI,ATTRAGE
15415,TOYOTA,YARIS
15419,TOYOTA,HIACE
15420,TOYOTA,HIACE
15430,TOYOTA,COMMUTER
15431,TOYOTA,ATIV
15440,TOYOTA,YARIS
15442,TOYOTA,YARIS
15449,TOYOTA,COMMUTER
15456,MERCEDES_BENZ,GLC300e_PHEV
15457,BMW,X1
15460,MERCEDES_BENZ,A200
15462,TOYOTA,ALTIS
15465,TOYOTA,ATIV
15468,NISSAN,URVAN
15469,TOYOTA,FORTUNER
15475,TOYOTA,COMMUTER
15476,TOYOTA,ATIV
15477,BYD,DOLPHIN
15480,MG,5
15483,MG,EP
15485,TOYOTA,COMMUTER
15495,TOYOTA,ATIV
15496,SUZUKI,CIAZ
15502,MAZDA,2_Sedan
15512,MAZDA,2_Sedan
15514,TOYOTA,ATIV
15515,MAZDA,CX-5
15516,TOYOTA,COMMUTER
15517,ISUZU,D-Max-CAB_4_DOOR
15518,TOYOTA,COMMUTER
15544,TOYOTA,COMMUTER
15556,MITSUBISHI,XPANDER_CROSS
15565,NISSAN,ALMERA
15566,BYD,ATTO_3
15571,TOYOTA,ATIV
15572,MITSUBISHI,XPANDER
15576,SUZUKI,CIAZ
15577,TOYOTA,ATIV
15582,BMW,530E_PHEV
15592,TOYOTA,YARIS
15595,TOYOTA,VELOZ
15620,BMW,330E_PHEV
15622,TOYOTA,ATIV
15625,BYD,DOLPHIN
15627,TOYOTA,COMMUTER
15631,MG,5
15632,MG,4
15633,HONDA,BRIO
15640,TOYOTA,COMMUTER
15647,TOYOTA,COMMUTER
15650,TOYOTA,YARIS
15689,SUZUKI,SWIFT
15695,TOYOTA,FORTUNER
15702,TOYOTA,ALPHARD_HYBRID
15709,TOYOTA,CROSS_HYBRID
15711,TOYOTA,FORTUNER
15713,NISSAN,KICKS_e-POWER_HYBRID
15715,TOYOTA,ATIV
15718,TOYOTA,ATIV
15719,TOYOTA,YARIS
15728,MITSUBISHI,XPANDER
15733,TOYOTA,FORTUNER
15735,MG,HS_PHEV
15743,TOYOTA,ATIV
15748,SUBARU,XV
15755,MERCEDES_BENZ,E350e_PHEV
15757,MERCEDES_BENZ,C200
15761,TOYOTA,COMMUTER
15768,TOYOTA,ALTIS
15769,SUBARU,FORESTER
15776,MITSUBISHI,XPANDER
15777,MG,4
15780,MG,5
15782,MG,5
15783,MG,5
15784,MITSUBISHI,PAJERO_SPORT
15797,FORD,ECOSPORT
15798,MG,5
15802,HONDA,CITY_Hatchback
15810,TOYOTA,FORTUNER
15812,MG,5
15814,MITSUBISHI,XPANDER_CROSS
15819,HONDA,CIVIC_Sedan
15821,BYD,SEAL
15827,HONDA,HR-V_HYBRID
15833,TOYOTA,YARIS
15834,MERCEDES_BENZ,GLC250D
15842,MAZDA,2_Hatchback
15846,MITSUBISHI,ATTRAGE
15851,SUBARU,FORESTER
15860,FORD,EVEREST
15861,HYUNDAI,GRAND_STAREX
15863,TOYOTA,COMMUTER
15867,TOYOTA,VELOZ
15872,BMW,IX3
15876,MG,ZS
15877,HYUNDAI,H-1
15878,MAZDA,2_Sedan
15882,BMW,IX3
15883,TOYOTA,ATIV
15884,MG,GS
15894,TOYOTA,COMMUTER
15895,TOYOTA,COMMUTER
15897,KIA,GRAND_CARNIVAL
15899,MERCEDES_BENZ,A200
15902,TOYOTA,COMMUTER
15906,TOYOTA,COMMUTER
15909,HONDA,CITY_Sedan
15911,HYUNDAI,H-1
15913,MERCEDES_BENZ,CLS_300D_COUPE
15915,TOYOTA,VELOZ
15916,TOYOTA,VELOZ
15919,TOYOTA,COMMUTER
15923,HONDA,CIVIC_Sedan
15926,MG,HS
15927,MITSUBISHI,MIRAGE
15929,MITSUBISHI,MIRAGE
15932,SUZUKI,SWIFT
15936,BYD,DOLPHIN
15937,MAZDA,3_Hatchback
15941,HONDA,CITY_Hatchback
15945,HYUNDAI,H-1
15950,BMW,X1
15957,FORD,EVEREST
15964,TOYOTA,COMMUTER
15967,MERCEDES_BENZ,CLA250
15968,TOYOTA,COMMUTER
15977,TOYOTA,COMMUTER
15980,NISSAN,ALMERA
15981,BMW,520D
15984,MITSUBISHI,XPANDER
15985,HONDA,BR-V
15990,TESLA,MODEL_3
15992,MITSUBISHI,XPANDER
15995,TOYOTA,SIENTA
15996,TOYOTA,VIOS
15998,MG,ZS
15999,AION,Y-PLUS
16005,TOYOTA,HARRIER
16007,HONDA,CR-V
16011,BMW,330E_PHEV
16012,MAZDA,CX-3
16013,MG,4
16015,TOYOTA,VIOS
16017,HONDA,HR-V
16024,TOYOTA,FORTUNER
16028,MG,EP
16031,BMW,IX3
16034,TOYOTA,VELOZ
16036,NISSAN,MARCH
16037,ISUZU,MU-X
16042,MITSUBISHI,XPANDER
16044,MITSUBISHI,PAJERO_SPORT
16049,TOYOTA,COMMUTER
16053,HONDA,CITY_Sedan
16054,HYUNDAI,H-1
16057,HYUNDAI,H-1
16068,NETA,V
16069,TOYOTA,VELOZ
16070,TOYOTA,YARIS_CROSS
16073,BYD,DOLPHIN
16085,MITSUBISHI,PAJERO_SPORT
16086,TOYOTA,C-HR_HYBRID
16087,MITSUBISHI,PAJERO_SPORT
16093,TOYOTA,VELOZ
16094,TOYOTA,VELOZ
16096,BYD,DOLPHIN
16097,TOYOTA,ALPHARD_HYBRID
16103,MAZDA,CX-5
16104,MG,3
16105,NETA,V
16106,MG,ZS
16109,NISSAN,NOTE
16110,MG,ZS
16111,HONDA,CITY_Sedan
16117,ORA,GOODCAT
16118,TOYOTA,ATIV
16120,TOYOTA,YARIS
16122,MITSUBISHI,XPANDER
16124,ISUZU,MU-X
16128,MITSUBISHI,XPANDER
16129,TOYOTA,VIOS
16131,TOYOTA,ATIV
16132,HAVAL,JOLION_HYBRID
16137,TOYOTA,VIOS
16139,TOYOTA,YARIS
16141,MERCEDES_BENZ,GLA200
16142,HYUNDAI,H-1
16143,SUBARU,FORESTER
16144,TESLA,MODEL_3
16149,HONDA,CITY_Sedan
16159,MAZDA,3_Hatchback
16165,BYD,ATTO_3
16173,TOYOTA,CAMRY
16177,SUZUKI,CIAZ
16181,TOYOTA,PRIUS_HYBRID
16182,VOLVO,S60
16184,TAILG,WARRIOR
16188,TAILG,WARRIOR
16191,BMW,X1
16192,BMW,330E_PHEV
16193,HONDA,CITY_Sedan
16194,HONDA,CITY_Sedan
16196,ORA,GOODCAT
16199,MITSUBISHI,TRITON_4_DOOR
16209,TOYOTA,ALTIS
16210,TOYOTA,ALTIS
16211,MITSUBISHI,XPANDER
16212,HYUNDAI,GRAND_STAREX
16216,TOYOTA,ATIV
16217,HONDA,HR-V
16220,MAZDA,2_Sedan
16222,MG,4
16224,MAZDA,2_Sedan
16226,HONDA,CR-V
16228,TOYOTA,COMMUTER
16233,TOYOTA,FORTUNER
16234,MG,HS
16237,TOYOTA,ATIV
16238,TOYOTA,VELOZ
16240,TOYOTA,VELOZ
16241,TOYOTA,VELOZ
16247,HONDA,CIVIC_Sedan
16248,MG,HS
16249,HONDA,ACCORD
16250,NISSAN,TEANA
16251,MG,MAXUS_9
16252,MG,4
16253,BMW,X3
16257,HONDA,BR-V
16258,HONDA,CITY_Sedan
16259,HONDA,CITY_Sedan
16260,HONDA,CITY_Sedan
16262,TOYOTA,FORTUNER
16263,TOYOTA,MAJESTY
16264,MERCEDES_BENZ,GLA250
16265,BMW,320D
16266,BMW,X1
16268,HONDA,CITY_Hatchback
16270,BYD,DOLPHIN
16272,TOYOTA,ATIV
16273,TOYOTA,VIOS
16275,HONDA,HR-V
16276,SUZUKI,SWIFT
16278,MG,5
16280,MG,ZS
16281,MAZDA,2_Sedan
16283,NISSAN,ALMERA
16286,MINI,COOPER_S
16287,TOYOTA,ATIV
16288,TOYOTA,ATIV
16289,TOYOTA,ATIV
16290,TOYOTA,ATIV
16291,TESLA,MODEL_3
16297,TOYOTA,COMMUTER
16301,HONDA,CITY_Sedan
16302,TOYOTA,COMMUTER
16309,TOYOTA,COMMUTER
16311,MAZDA,2_Sedan
16312,NISSAN,NOTE
16313,TOYOTA,C-HR_HYBRID
16314,TOYOTA,CAMRY
16319,ISUZU,MU-X
16324,BMW,320D
16327,TOYOTA,ALPHARD
16336,TOYOTA,ALPHARD
16339,TOYOTA,ATIV
16340,TOYOTA,YARIS
16342,HONDA,CITY_Sedan
16343,TOYOTA,ATIV
16344,BMW,I7
16346,TOYOTA,ATIV
16347,TOYOTA,YARIS
16348,CHEVROLET,TRAILBLAZER
16350,NISSAN,ALMERA
16351,MITSUBISHI,XPANDER
16361,MERCEDES_BENZ,GLA200
16371,MG,ZS_EV
16379,TOYOTA,ATIV
16383,BYD,ATTO_3
16384,ORA,GOODCAT
16385,HYUNDAI,H-1
16387,MAZDA,2_Sedan
16388,MITSUBISHI,PAJERO_SPORT
16389,MINI,COOPER_S
16398,TOYOTA,CROSS_HYBRID
16399,MAZDA,CX-3
16401,MITSUBISHI,XPANDER
16404,BMW,X1
16411,TOYOTA,COMMUTER
16412,BYD,SEAL
16415,HONDA,BRIO_AMAZE
16416,TOYOTA,FORTUNER
16419,MG,ZS
16421,BYD,DOLPHIN
16425,MG,ZS
16427,BMW,X3
16428,BMW,X3
16429,BYD,ATTO_3
16433,HONDA,BRIO_AMAZE
16436,HONDA,CITY_Sedan
16438,MG,5
16439,ISUZU,MU-X
16442,TOYOTA,COMMUTER
16447,MAZDA,2_Sedan
16448,MERCEDES_BENZ,C200
16449,MAZDA,CX-3
16450,ISUZU,MU-X
16451,TOYOTA,COMMUTER
16452,MAZDA,CX-30
16454,TOYOTA,ATIV
16455,NISSAN,NOTE
16456,TOYOTA,YARIS
16457,MG,5
16460,TOYOTA,VIOS
16463,TOYOTA,ATIV
16465,TOYOTA,YARIS
16466,TOYOTA,ATIV
16467,TOYOTA,YARIS
16483,TOYOTA,YARIS
16484,TOYOTA,COMMUTER
16488,TOYOTA,REVO_4_DOOR
16489,TOYOTA,COMMUTER
16490,TOYOTA,COMMUTER
16491,TOYOTA,ATIV
16492,TOYOTA,ATIV
16494,TOYOTA,ATIV
16496,TOYOTA,COMMUTER
16498,TOYOTA,FORTUNER
16500,TOYOTA,ATIV
16506,MG,4
16507,TOYOTA,BZ4X
16508,TOYOTA,ATIV
16509,MG,HS_PHEV
16510,TOYOTA,VELOZ
16512,TOYOTA,FORTUNER
16514,TOYOTA,YARIS
16518,HONDA,CITY_Sedan
16519,MG,5
16521,MAZDA,2_Sedan
16522,NISSAN,NOTE
16525,NISSAN,ALMERA
16526,MG,3
16527,MG,5
16528,NETA,V
16530,HYUNDAI,H-1
16532,MERCEDES_BENZ,C220
16533,TOYOTA,FORTUNER
16534,TOYOTA,VENTURY
16538,MG,ZS
16539,TOYOTA,CROSS_HYBRID
16545,HYUNDAI,H-1
16552,HONDA,HR-V
16553,HONDA,CITY_HYBRID_Sedan
16554,FORD,FOCUS
16558,MAZDA,2_Sedan
16559,MITSUBISHI,XPANDER_CROSS
16562,HONDA,CR-V
16564,MG,ZS
16565,MITSUBISHI,XPANDER
16569,TOYOTA,CROSS
16570,SCANIA,K-SERIES
16571,SCANIA,K-SERIES
16572,SCANIA,K-SERIES
16574,TESLA,MODEL_3
16575,SCANIA,K-SERIES
16576,SCANIA,K-SERIES
16579,SCANIA,K-SERIES
16580,TOYOTA,ATIV
16583,TOYOTA,FORTUNER
16585,TOYOTA,ALTIS
16590,NISSAN,ALMERA
16594,TOYOTA,ATIV
16596,TAILG,WARRIOR
16597,TAILG,WARRIOR
16598,TAILG,WARRIOR
16599,MERCEDES_BENZ,GLC300e_PHEV
16601,TOYOTA,FORTUNER
16602,NETA,V
16603,BMW,520D
16604,HYUNDAI,H-1-VIP
16605,TOYOTA,YARIS
16606,TOYOTA,FORTUNER
16607,VOLVO,EX30-EV
16608,TOYOTA,ALTIS
16609,TOYOTA,ALTIS
16610,TOYOTA,ALTIS
16613,SUZUKI,CELERIO
16615,BYD,ATTO_3
16616,HONDA,ACCORD
16617,FORD,RANGER_4_DOOR
16618,TOYOTA,ALTIS
16619,TOYOTA,ALTIS
16620,TOYOTA,ALTIS
16622,BYD,DOLPHIN
16623,HONDA,CR-V
16624,BMW,320LI
16625,TOYOTA,YARIS
16626,TOYOTA,YARIS
16627,TOYOTA,YARIS
16628,TOYOTA,YARIS
16629,TOYOTA,YARIS
16630,MITSUBISHI,XPANDER
16631,NISSAN,ALMERA
16632,TOYOTA,ALTIS
16633,HONDA,CITY_Sedan
16634,TOYOTA,VIOS
16635,TOYOTA,VIOS
16636,TOYOTA,VIOS
16638,HONDA,CITY_Sedan
16641,MERCEDES_BENZ,GLA200
16642,BYD,DOLPHIN
16643,HONDA,CITY_Sedan
16644,TOYOTA,ALPHARD_HYBRID
16647,HONDA,CITY_Sedan
16650,NISSAN,ALMERA
16651,TOYOTA,SIENTA
16653,TOYOTA,ALPHARD
16654,TOYOTA,COMMUTER
16655,TOYOTA,ALTIS
16656,TOYOTA,ALTIS
16657,TOYOTA,BZ4X
16658,MG,ZS_EV
16660,TOYOTA,ALPHARD
16661,BMW,218I
16663,BYD,DOLPHIN
16665,NISSAN,ALMERA
16666,MINI,COOPER
16667,MG,4
16668,FORD,EVEREST
16670,BYD,ATTO_3
16671,MITSUBISHI,PAJERO_SPORT
16675,HONDA,CITY_Sedan
16676,TOYOTA,YARIS
16677,HONDA,CITY_Sedan
16678,TOYOTA,ALTIS
16679,DEEPAL,L07
16680,BYD,ATTO_3
16681,TOYOTA,FORTUNER
16682,MAZDA,2_Sedan
16683,TOYOTA,ATIV
16684,TOYOTA,ATIV
16685,TOYOTA,ATIV
16686,TOYOTA,ATIV
16687,TOYOTA,ATIV
16688,TOYOTA,ATIV
16689,TOYOTA,VIOS
16690,TOYOTA,ATIV
16691,HONDA,CITY_Sedan
16692,TOYOTA,ATIV
16693,TOYOTA,ATIV
16694,TOYOTA,ATIV
16695,HYUNDAI,H-1
16696,TOYOTA,FORTUNER
16698,SUZUKI,CIAZ
16699,MERCEDES_BENZ,C250
16704,TOYOTA,REVO_4_DOOR
16706,SUBARU,FORESTER
16707,HONDA,CR-V
16710,MITSUBISHI,PAJERO_SPORT
16712,HONDA,MOBILIO
16713,TOYOTA,FORTUNER
16716,MAZDA,CX-30
16717,TOYOTA,YARIS
16719,TOYOTA,ALPHARD
16720,NISSAN,ALMERA
16721,TOYOTA,VIOS
16722,TOYOTA,VIOS
16723,TOYOTA,COMMUTER
16724,MAZDA,2_Sedan
16725,TOYOTA,ATIV
16727,MG,EP
16728,MAZDA,CX-5
16730,HONDA,CITY_Sedan
16731,TOYOTA,ATIV
16732,TOYOTA,ALPHARD
16733,HYUNDAI,STARIA
16735,NISSAN,ALMERA
16742,FORD,RANGER_4_DOOR
16744,MG,HS
16746,TOYOTA,ALPHARD
16747,TOYOTA,ALPHARD
16748,TOYOTA,ALPHARD
16749,TOYOTA,COMMUTER
16750,NETA,V
16751,ISUZU,MU-X
16752,HONDA,HR-V_HYBRID
16753,MG,EP
16754,NISSAN,X-TRAIL
16755,BMW,520D
16757,TESLA,MODEL_Y
16758,NISSAN,KICKS_e-POWER_HYBRID
16759,TOYOTA,ALPHARD
16760,FORD,EVEREST
16761,TOYOTA,FORTUNER
16762,HONDA,CITY_HYBRID_Hatchback
16763,FORD,EVEREST
16764,ISUZU,MU-X
16765,TOYOTA,COMMUTER
16767,TOYOTA,COMMUTER
16768,TOYOTA,ATIV
16769,BYD,DOLPHIN
16770,SUBARU,FORESTER
16772,MITSUBISHI,XPANDER
16773,TOYOTA,ALTIS
16774,TOYOTA,ATIV
16775,TOYOTA,ATIV
16777,TOYOTA,FORTUNER
16778,TOYOTA,ATIV
16779,TOYOTA,ATIV
16780,TOYOTA,ATIV
16781,TOYOTA,YARIS
16783,TOYOTA,ATIV
16784,TOYOTA,ATIV
16785,ISUZU,MU-X
16786,BYD,SEAL
16787,TOYOTA,ATIV
16788,MAZDA,2_Hatchback
16789,NISSAN,KICKS_e-POWER_HYBRID
16790,BYD,ATTO_3
16791,TOYOTA,ATIV
16792,TOYOTA,FORTUNER
16793,ORA,GOODCAT
16794,MG,5
16795,MG,HS
16796,MG,HS_PHEV
16797,MG,EXTENDER_4_DOOR
16800,MG,5
16802,TOYOTA,ALPHARD_HYBRID
16803,MG,5
16806,BMW,330E_PHEV
16808,TOYOTA,ATIV
16809,CHEVROLET,TRAILBLAZER
16814,HONDA,JAZZ
16816,TOYOTA,ATIV
16817,MERCEDES_BENZ,C350e_PHEV
16818,HYUNDAI,H-1
16819,BYD,SEAL
16820,TOYOTA,YARIS
16822,MG,5
16823,MG,5
16824,MG,5
16825,MG,5
16826,MG,5
16827,MG,5
16828,MG,5
16830,MITSUBISHI,MIRAGE
16831,MG,HS
16832,MAZDA,3_Sedan
16833,NISSAN,MARCH
16834,PORSCHE,TAYCAN
16835,MERCEDES_BENZ,C250
16836,MG,EP
16837,MG,EP
16838,TOYOTA,COMMUTER-VIP
16839,TOYOTA,ALPHARD
16841,TOYOTA,FORTUNER
16842,TOYOTA,CROSS_HYBRID
16843,HONDA,CITY_Sedan
16845,MITSUBISHI,XPANDER
16846,TOYOTA,ALTIS
16847,TOYOTA,ALTIS
16848,TOYOTA,YARIS
16849,TOYOTA,YARIS
16850,TOYOTA,YARIS
16851,NISSAN,ALMERA
16852,NISSAN,ALMERA
16853,NISSAN,ALMERA
16854,NISSAN,ALMERA
16855,NISSAN,ALMERA
16856,NISSAN,ALMERA
16857,NISSAN,ALMERA
16858,NISSAN,ALMERA
16859,NISSAN,ALMERA
16860,NISSAN,ALMERA
16861,NISSAN,ALMERA
16862,ORA,GOODCAT
16863,HONDA,CITY_Sedan
16864,HYUNDAI,STARIA
16865,TOYOTA,ATIV
16866,TOYOTA,CROSS_HYBRID
16867,TOYOTA,YARIS
16868,MG,ZS_EV
16869,TESLA,MODEL_3
16870,MG,ZS
16872,MG,ZS
16873,TOYOTA,ALPHARD
16874,HONDA,CITY_Sedan
16875,HONDA,CITY_Sedan
16876,NETA,V
16878,MERCEDES_BENZ,SLK200
16881,NISSAN,ALMERA
16882,HONDA,HR-V
16884,TOYOTA,C-HR_HYBRID
16885,TOYOTA,ALPHARD
16886,TOYOTA,ATIV
16887,MG,ZS
16888,BYD,ATTO_3
16889,BYD,ATTO_3
16890,NETA,V
16891,MG,EP
16892,MAZDA,2_Sedan
16893,KIA,GRAND_CARNIVAL
16894,BMW,220I
16895,HYUNDAI,H-1
16896,BMW,520I
16898,TESLA,MODEL_3
16899,TESLA,MODEL_3
16900,TOYOTA,ATIV
16901,TESLA,MODEL_3
16902,BYD,M6
16903,TOYOTA,YARIS_CROSS
16904,BYD,M6
16905,MG,3
16906,SUZUKI,ERTIGA
16907,NETA,V
16908,MERCEDES_BENZ,E350e_PHEV
16909,SUZUKI,CIAZ
16913,TOYOTA,ALTIS
16915,TOYOTA,VELOZ
16917,MAZDA,2_Sedan
16918,MG,5
16919,MG,5
16920,MG,4
16921,MG,4
16922,MG,4
16923,HONDA,CIVIC_Sedan
16925,BYD,DOLPHIN
16927,AION,Y-PLUS
16929,BMW,X1
16930,ORA,GOODCAT
16931,MAZDA,2_Sedan
16933,TOYOTA,CROSS_HYBRID
16934,BMW,530E_PHEV
16935,MG,EP
16936,TESLA,MODEL_3
16938,NISSAN,ALMERA
16939,TOYOTA,ALTIS
16940,MG,ES
16941,TOYOTA,FORTUNER
16942,NETA,V
16943,BMW,530E_PHEV
16944,MAZDA,CX-30
16946,MG,4
16948,TOYOTA,ALTIS
16949,HYUNDAI,H-1
16950,TOYOTA,YARIS_CROSS
16951,TESLA,MODEL_Y
16953,BYD,ATTO_3
16954,AION,Y-PLUS
16955,MITSUBISHI,XPANDER
16956,TOYOTA,YARIS
16957,MERCEDES_BENZ,C350e_PHEV
16958,MAZDA,2_Hatchback
16959,HONDA,HR-V
16960,BYD,DOLPHIN
16961,BMW,520D
16962,NISSAN,SERENA
16963,TOYOTA,ATIV
16964,TOYOTA,ATIV
16965,HONDA,HR-V
